Scenario,OrderSize,30201,50102,293874,300871,301060,343310,570183,612937,789124,987034
11,1,645.61,669.31,623.47,652.93,663.09,625.88,675.33,655.27,660.54,658.55
11,2,1158.51,1182.07,1036.63,1145.56,1122.9,1246.88,1093.82,1078.37,1164.39,1143.45
11,3,1471.8,1495.23,1373.37,1573.15,1562.96,1384.34,1396.72,1641.7,1604.59,1336.14
11,4,1697.29,1825.15,1726.33,1743.14,1677.83,1713.58,1488.02,1294.18,1251.48,1740.64
11,5,1928.26,1505.34,1373.43,1518.32,1341.67,1466.19,,1630.04,1985.43,1300.72
11,6,,2258.4,1084.65,1876.75,1529.6,,,,2569.97,1911.71
11,7,,,,,,1925.27,,,,
11,Total,934.47,937.41,865.18,937.62,932.87,959.63,923.55,933.88,929.36,918.36
12,1,648.49,615.81,699.36,659.34,660.08,701.88,639.04,632.45,686.02,638.71
12,2,1168.91,1208.92,1144.81,1133.5,1085.67,1267.44,1267.35,1139.56,1190.83,1303.61
12,3,1495.75,1483.41,1711.85,1553.8,1752.7,1618.8,1444.81,1463.9,1536.18,1657.8
12,4,1711.01,1758.22,1671.76,1435.19,1671.37,1585.67,1854.45,1543.28,1992.51,1622.84
12,5,1544.72,1296.25,1614.75,1476.26,2055.18,1412.82,1799.97,1818.91,1228.85,979.43
12,6,1437.86,2228.19,2106.76,1728.71,2697.25,2092.2,2303.45,1177.08,1656.7,1660.58
12,7,1034.05,1428.07,1251.55,1967.7,1977.1,1461.44,2056.1,1310.01,747.06,1277.38
12,8,2701.15,,2813.43,,1991.86,1164.89,,,,
12,9,,,,,1177.88,,,718.77,1195.2,
12,10,,,,2339.76,,,,2875.17,,
12,11,,,1071.39,,1935.89,,,,,
12,13,,2504.81,,,,,,,,
12,Total,969.87,957.68,1016.7,944.09,994.55,1058.27,990.78,935.19,991.62,1028.91
13,1,764.04,742.08,728.49,716.58,744.96,747.12,791.57,752.17,801.9,726.73
13,2,1236.39,1317.17,1212.53,1352.49,1303.42,1366.15,1253.95,1187.53,1235.77,1319.31
13,3,1456.92,1474.36,1414.92,1607.42,1479.38,1449.65,1382.49,1564.5,1700.25,1479.37
13,4,1218.73,1420.6,1720.77,1689.53,1488.99,1732.06,1243.31,1476.34,1016.77,1610.9
13,5,1192.92,1061.01,,1150.05,717.75,1071.65,,826.26,,782.92
13,6,,,1974.92,1673.19,2103.65,,,,,686.23
13,7,,,,,,3234.66,,,,
13,Total,971.87,974.03,954.08,991.92,987.71,1020.4,989.91,965.47,993.48,974.02
14,1,766.07,782.78,769.48,799.48,831.47,783.66,802.58,704.19,819.41,777.96
14,2,1278.37,1389.28,1247.16,1346.74,1359.54,1358.77,1400.44,1289.49,1393.3,1353.1
14,3,1444.69,1280.19,1818.61,1421.66,1512.58,1519.99,1391.5,1480.73,1594.05,1514.57
14,4,1563.69,1771.79,1451.88,1932.42,1854.99,1823.36,1464.94,1820.99,1841.06,1658.34
14,5,1466.57,2291.22,1227.97,1834.85,1859.1,1526.27,1511.73,1756.78,1747.59,1890.61
14,6,700.1,1776.05,2198.34,1800.22,2525.46,1500.79,1818.63,1776.12,1402.21,1720.49
14,7,2107.09,910.46,,2215.63,2742.73,2094.54,1068.74,3031.15,1022.88,2946.9
14,8,1570.37,,2249.34,,1885.27,632.25,,1308.35,1865.6,
14,9,2352.17,,,1040.91,1164.78,,,677.96,1062.88,
14,10,1519.26,1421.61,2048.22,1030.91,,,,,,
14,11,,,,,1016.73,,,,,
14,Total,1011.96,1063.85,1046.44,1056.14,1110.05,1086.62,1053.62,1014.91,1086.03,1102.14
31,1,657.0,618.43,602.09,661.13,637.06,637.25,624.78,622.08,586.78,620.24
31,2,1117.0,963.19,904.02,1063.61,985.36,1095.2,992.92,1102.22,921.96,941.5
31,3,1358.93,1121.86,1159.15,1244.18,1246.53,1376.5,1178.51,1456.4,1098.86,1194.44
31,4,1501.91,1237.36,1499.85,1209.4,1356.38,1584.29,1184.58,1327.13,1379.01,1301.8
31,5,1964.05,1579.23,1863.54,1168.71,1905.02,1124.88,1546.75,1320.72,1007.61,1039.87
31,6,1165.63,1766.3,1093.77,1592.87,1367.07,2181.56,,,1547.32,1278.9
31,7,,,,,,1576.57,,,,
31,Total,937.06,815.75,799.74,884.6,872.87,920.51,848.65,923.85,776.41,818.9
32,1,679.84,615.1,653.97,659.27,686.37,662.19,650.57,611.25,693.68,661.71
32,2,1168.87,1197.22,1167.99,1307.19,1129.62,1252.19,1208.9,1167.84,1161.96,1234.45
32,3,1425.62,1526.71,1329.24,1711.17,1642.45,1620.5,1425.43,1456.18,1538.74,1584.69
32,4,1326.77,1641.01,1603.84,1629.85,1833.03,1742.22,1829.81,2063.46,1633.41,1563.48
32,5,1766.61,1430.51,1803.07,2155.6,1599.85,1718.42,1504.52,1495.66,1384.7,1800.06
32,6,745.99,2401.92,2181.88,1819.75,999.96,1778.86,1846.42,1926.01,2591.65,1485.12
32,7,1983.53,1810.13,2102.45,1533.27,1998.18,1331.62,1719.09,2006.85,1289.91,1370.47
32,8,2122.04,1663.02,2027.14,1956.7,1216.45,1202.79,1469.64,,1318.72,1589.26
32,9,2148.14,,,3067.72,3030.85,1458.9,2094.27,3249.31,1246.19,2230.16
32,10,1996.91,2304.08,1911.89,1316.03,,,,,,
32,11,,,,1108.98,1204.96,,,,,
32,13,,3553.08,,,,,,,,
32,Total,990.85,990.25,1003.13,1064.76,1033.04,1068.07,996.46,1006.31,1009.95,1047.7
33,1,753.25,722.83,720.88,720.66,723.5,750.77,769.16,712.53,690.98,737.28
33,2,1273.99,1200.81,1060.99,1202.41,1103.25,1180.22,1233.9,1264.61,1046.77,1242.8
33,3,1456.39,1504.54,1347.04,1441.33,1530.52,1724.34,1349.08,1452.44,1415.86,1353.91
33,4,1557.49,1380.72,1635.86,1399.65,1448.9,1440.98,1533.94,1313.08,1838.83,1675.35
33,5,1698.02,1105.17,2845.57,1800.2,1464.75,1504.56,1530.29,1414.57,1480.76,923.41
33,6,1070.24,1546.03,1611.01,996.48,1617.55,,,,,1075.58
33,Total,1007.8,951.69,911.93,957.33,941.43,987.66,992.06,971.08,885.52,964.86
34,1,734.61,762.03,729.89,751.18,801.7,749.81,722.56,725.02,737.47,792.59
34,2,1455.22,1313.45,1346.74,1179.18,1310.06,1316.12,1345.02,1360.94,1265.86,1470.25
34,3,1692.08,1606.46,1548.22,1748.26,1731.9,1676.87,1560.42,1624.07,1281.98,1799.56
34,4,1469.39,1751.14,1403.21,1547.48,1789.32,1696.93,1821.03,1742.55,1785.93,1509.66
34,5,1242.62,1165.9,1536.98,1560.23,1298.87,1711.79,1377.66,1368.39,1585.98,1664.21
34,6,1517.96,1621.82,2082.21,1771.01,2969.79,2016.87,1968.85,,1832.52,1665.66
34,7,1553.3,1436.42,3575.93,1661.63,1536.24,1515.86,1589.39,1471.39,,717.47
34,8,3264.62,,1267.63,3121.69,1014.23,,1011.85,,1140.19,
34,9,1076.88,,,1221.43,,,1777.59,1191.53,1036.27,2365.9
34,10,1095.74,,1153.76,1998.84,,,,2977.87,,
34,11,,,1941.03,,1055.06,,,,,
34,13,,2304.96,,,,,,,,
34,Total,1089.62,1060.74,1051.69,1026.82,1124.35,1095.65,1050.55,1060.8,1006.74,1184.12
51,1,650.67,654.09,635.46,628.12,648.1,637.68,639.92,671.11,616.63,632.06
51,2,1046.77,961.64,1053.43,1026.32,1165.02,1098.15,1060.45,1081.28,899.8,960.4
51,3,1209.13,1049.7,1097.06,1250.68,1377.36,1379.39,1206.74,1413.02,1070.43,1070.04
51,4,1426.69,1075.64,1422.5,1291.56,1581.51,1246.91,1268.97,1213.51,1156.09,1199.61
51,5,1895.03,1234.96,1744.45,1158.23,1440.81,1255.87,1595.78,1339.77,1073.18,1179.47
51,6,1111.05,815.95,1183.35,1167.71,1401.82,849.0,,,1852.55,727.11
51,7,,,,,,1546.09,,,,
51,Total,892.18,817.24,863.17,857.0,944.67,920.9,888.06,931.73,777.57,814.96
52,1,672.23,661.59,720.08,720.33,693.95,681.97,728.06,646.21,739.14,722.33
52,2,1365.5,1242.6,1293.51,1389.88,1280.67,1233.93,1391.93,1188.81,1284.68,1214.49
52,3,1477.11,1406.39,1592.72,1549.76,1488.27,1587.02,1485.5,1654.18,1464.19,1413.08
52,4,1542.26,1381.6,1655.7,1532.37,1638.74,1405.75,1409.78,1611.49,1726.61,1672.09
52,5,1687.35,2024.48,1615.09,1645.46,1723.76,1639.25,1388.63,1759.28,1159.01,1806.74
52,6,1379.84,1393.78,1403.21,2182.67,1796.3,1946.9,1796.44,1557.22,1788.99,895.9
52,7,1394.79,1457.16,1076.02,2491.84,1396.36,1894.92,1868.13,1998.88,1529.15,1498.93
52,8,2091.28,,1535.39,,,581.22,3203.85,1901.19,1715.06,1634.3
52,9,3307.7,,,2781.05,,2865.15,1560.8,739.55,1736.12,1919.86
52,10,,1619.45,2591.58,2108.19,,,,969.09,,
52,11,,,1823.07,1388.93,,,,,,
52,13,,,2478.1,,,,,,,
52,Total,1058.2,1015.97,1092.2,1111.99,1070.14,1070.31,1079.09,1041.3,1049.0,1081.31
53,1,754.21,745.7,765.05,762.64,746.04,750.25,777.07,745.24,744.11,795.79
53,2,1136.22,1162.38,1169.29,1242.16,1176.49,1249.38,1245.42,1182.9,1176.89,1172.2
53,3,1151.79,1285.3,1275.06,1519.37,1365.16,1553.87,1428.84,1408.84,1393.02,1188.71
53,4,1518.24,1300.42,1641.39,1578.42,1519.46,1539.26,1470.62,1682.9,1375.34,1628.23
53,5,1827.74,1162.44,,1311.82,1309.13,1440.42,1613.07,1523.64,1096.47,1456.6
53,6,1178.05,1647.23,1770.29,1507.99,1052.62,,,,2648.38,1040.23
53,Total,941.14,940.55,963.36,997.87,959.71,1009.19,1006.68,964.79,953.15,967.11
54,1,794.62,798.47,784.78,870.05,890.94,775.43,816.55,747.4,823.85,805.79
54,2,1430.9,1330.74,1170.74,1538.08,1530.63,1424.07,1415.52,1435.89,1417.93,1300.07
54,3,1458.56,1497.57,1870.66,1599.92,1661.81,1437.38,1691.53,1443.16,1579.28,1719.67
54,4,1421.48,1772.95,1533.52,1579.71,1703.22,1597.11,1556.6,1809.02,1663.76,1413.93
54,5,1493.26,1431.48,1385.34,1369.98,1360.03,1684.98,1495.12,1494.59,1453.53,1464.34
54,6,1853.05,1545.69,2158.04,1901.13,1734.12,1904.25,1426.27,1627.11,1693.45,1758.37
54,7,1583.07,2277.87,1000.44,1567.79,1618.73,1846.31,2204.6,2435.33,1408.18,1990.1
54,8,2303.66,,1435.24,1124.97,1066.26,,1340.15,1354.5,1482.45,
54,9,960.97,,,1513.11,1103.84,,,1112.63,1265.25,1589.98
54,10,,1296.42,3212.24,2159.39,,,,930.0,,
54,11,,,1924.76,1149.48,2959.71,,,,,
54,13,,1998.57,,,,,,,,
54,Total,1086.37,1112.92,1089.64,1175.62,1212.5,1138.3,1126.38,1088.94,1105.47,1140.52
